sector_j,mario_name,F11_hh,F11_gov,F11_gfcf,F21_RoW_hh,F21_RoW_gov,F21_RoW_gfcf,eta_RoW_hh,eta_RoW_gov,eta_RoW_gfcf,kappa_RoW,lambda_RoW
1,Agriculture,86708.1622,772.0846,4035.6257,33630.6851,182.3929,1595.8359,0.27947,0.19109,0.28338,0.6838,1.014
2,Animal Farming,31069.7501,338.3578,10212.0432,2240.8765,73.5229,348.4082,0.06727,0.17851,0.03299,2.6536,0.4904
3,"Forestry, logging and related service activities (02)",6546.6653,345.7652,4631.7332,230.6586,12.2982,116.1804,0.03403,0.03435,0.02447,1.0094,0.7191
4,"Fishing, operating of fish hatcheries and fish farms; service activities incidental to fishing (05)",9300.7622,6.6649,95.6599,3144.3506,5.5108,31.2027,0.25266,0.4526,0.24596,1.7913,0.9735
5,Extraction of Fossil-Fuels,5227.7755,445.4227,5953.6768,2416.9352,392.3855,21083.1172,0.31616,0.46835,0.77979,1.4814,2.4664
6,Mining & Quarrying of raw materials,1586.9032,114.5486,3317.4548,1524.6505,192.7505,1311.6432,0.49,0.62724,0.28335,1.2801,0.5783
7,Processing of meat,231893.0247,829.8408,2721.3509,8628.2125,107.1412,335.0261,0.03587,0.11435,0.10962,3.1879,3.056
8,Processing of other food&beverage,302148.2412,778.8925,3807.3481,20162.3871,72.0743,365.4667,0.06256,0.0847,0.08758,1.3539,1.3999
9,Manufacture of tobacco products (16),12663.3489,29.1559,932.3822,760.1497,3.0885,24.4504,0.05663,0.09578,0.02555,1.6913,0.4512
10,Manufacture of textiles,135292.598,755.8404,4510.4066,60382.6285,88.9599,991.2178,0.30859,0.1053,0.18017,0.3412,0.5838
11,"Manufacture of wood and of products of wood and cork, except furniture; manufacture of articles of straw and plaiting materials (20)",10427.4118,84.3934,8824.3183,1071.3363,5.6982,437.574,0.09317,0.06325,0.04724,0.6789,0.507
12,Re-processing of secondary wood material into new wood material,3737.491,31.3535,3211.0441,61.5877,0.3505,18.8244,0.01621,0.01106,0.00583,0.6823,0.3597
13,Pulp,283.1015,97.1784,676.7076,23.0699,5.6835,209.7316,0.07535,0.05525,0.2366,0.7332,3.14
14,Re-processing of secondary paper into new pulp,485.0256,136.4354,1487.3766,63.916,0.526,64.7006,0.11643,0.00384,0.04169,0.033,0.3581
15,Paper,91760.8987,1536.9286,9955.6999,4446.728,42.0809,544.4275,0.04622,0.02665,0.05185,0.5766,1.1218
16,Processing of Fossil Fuels,124631.1505,839.3827,8199.3541,22376.5596,644.7114,3931.8555,0.15221,0.43441,0.32411,2.854,2.1294
17,"Plastics, basic",11134.4262,118730.8603,7390.5922,444.543,4178.3381,572.2117,0.03839,0.034,0.07186,0.8856,1.8718
18,Re-processing of secondary plastic into new plastic,2679.5876,27192.9461,2474.619,67.8624,172.2761,52.719,0.0247,0.0063,0.02086,0.2551,0.8445
19,Manufacture of Chemicals,12594.9767,2915.2714,561.5405,3133.3161,7169.8594,675.4442,0.19922,0.71093,0.54604,3.5686,2.7409
20,Manufacture of rubber and plastic products (25),28551.0811,758.3378,6772.7151,8161.5731,25.98,919.1469,0.22231,0.03312,0.1195,0.149,0.5375
21,Manufacture of glass and glass products,194.8333,51.3728,539.6493,26.6798,4.5005,89.1675,0.12044,0.08055,0.1418,0.6688,1.1773
22,Re-processing of secondary glass into new glass,68.3847,26.4929,198.4499,1.8882,0.1557,4.4126,0.02687,0.00584,0.02175,0.2173,0.8095
23,Manufacture of other non-metallic mineral products,18101.9193,235.1154,2401.0205,3488.1672,11.9179,210.35,0.16156,0.04824,0.08055,0.2986,0.4986
24,"Manufacture of cement, lime and plaster",1042.9841,275.718,2471.2691,64.8283,5.2278,49.1604,0.05852,0.01861,0.0195,0.318,0.3332
25,Re-processing of ash into clinker,227.9171,103.753,556.9256,2.7187,0.3025,3.2378,0.01179,0.00291,0.00578,0.2468,0.4902
26,Manufacture of Metals,3569.9288,617.5846,7650.5842,366.8529,34.3058,1753.3932,0.09319,0.05263,0.18645,0.5648,2.0008
27,Re-processing of Metals,1590.2917,252.9213,2551.7,22.6228,1.4407,80.5463,0.01403,0.00566,0.0306,0.4034,2.181
28,Manufacture of durable goods,250017.1197,9252.4245,522614.1961,62538.0341,2265.0821,140067.5225,0.20009,0.19666,0.21136,0.9829,1.0563
29,Manufacture of furniture; manufacturing n.e.c. (36),61903.9516,1396.7902,39333.2226,15434.8864,47.1997,4893.1147,0.19957,0.03269,0.11064,0.1638,0.5544
30,Recycling,1936.2955,66.8798,2908.5045,47.5343,7.7634,97.3772,0.02396,0.10401,0.0324,4.341,1.3523
31,Production of electricity by fossil fuels,67400.2723,375.5259,6789.5184,100.6842,31.9731,86.9942,0.00149,0.07846,0.01265,52.6577,8.4899
32,Production of electricity by renewable energy,12506.335,80.1433,1096.1127,39.1822,7.0017,27.4786,0.00312,0.08035,0.02446,25.7532,7.8397
33,Transmission & Distribution,88118.1225,755.0824,9255.0724,79.4099,48.3937,85.8253,0.0009,0.06023,0.00919,66.9222,10.2111
34,Manufacture of gas; distribution of gaseous fuels through mains,17354.9598,446.0791,4423.3828,23.8753,10.1263,16.5896,0.00137,0.0222,0.00374,16.2044,2.7299
35,Water,42414.66,1178.8128,5210.4698,28.9042,7.5743,89.3353,0.00068,0.00638,0.01686,9.3824,24.7941
36,Construction (45),39568.2781,2426.2607,1128803.424,330.0569,25.8493,7432.7184,0.00827,0.01054,0.00654,1.2745,0.7908
37,Re-processing of secondary construction material into aggregates,34.0346,3.7746,1369.3711,0.0599,0.0015,1.444,0.00176,0.00039,0.00105,0.2216,0.5966
38,"Sale, maintenance, repair of motor vehicles, motor vehicles parts, motorcycles, motor cycles parts and accessoiries",184168.4942,1580.4724,7270.7379,485.1501,15.4394,469.6462,0.00263,0.00967,0.06067,3.6768,23.0684
39,Retail sale of automotive fuel,11457.4025,116.8087,2958.7974,44.45,3.9472,37.4668,0.00386,0.03269,0.0125,8.4689,3.2383
40,Retail & Wholesale trade,189596.9423,19111.8581,60632.2711,4632.5829,863.4545,1558.7762,0.02385,0.04323,0.02506,1.8126,1.0507
41,Leisure Services,709219.4212,58214.4918,16629.0029,69974.5887,693.8545,485.3748,0.0898,0.01178,0.02836,0.1312,0.3158
42,Transport,419371.4488,76839.3586,13633.1979,50430.5796,3030.8072,779.9478,0.10734,0.03795,0.05411,0.3535,0.5041
43,KIBS,629479.4129,20361.4582,257084.7068,17004.1699,478.4257,15554.6815,0.0263,0.02296,0.05705,0.873,2.1692
44,Real estate activities (70),1066897.481,24997.1192,46628.0265,13034.2251,6.6613,142.9249,0.01207,0.00027,0.00306,0.0224,0.2535
45,Renting of machinery and equipment without operator and of personal and household goods (71),20990.8224,878.3334,4894.9071,188.8204,5.9966,13.4397,0.00892,0.00678,0.00274,0.7601,0.3072
46,Research and development (73),17689.6072,30549.0984,1387.3087,1414.3535,3024.8066,27.183,0.07403,0.09009,0.01922,1.2169,0.2596
47,Public administration and defence; compulsory social security (75),45048.0066,810219.0945,7366.2585,505.5034,5401.197,76.1037,0.0111,0.00662,0.01023,0.5964,0.9216
48,Education (80),125016.7594,458613.0682,631.5663,1308.1093,2584.8253,20.0098,0.01036,0.0056,0.03071,0.5405,2.9643
49,Health and social work (85),354973.15,673310.1634,1417.9126,2831.2576,3627.1198,27.5097,0.00791,0.00536,0.01903,0.6776,2.4058
50,Incineration of Waste,26193.3398,1641.3041,302.6311,126.552,36.1859,1.485,0.00481,0.02157,0.00488,4.4844,1.0146
51,Biogas & Composting,8916.2766,1330.3931,177.0719,110.8019,36.5087,1.7181,0.01227,0.02671,0.00961,2.1769,0.7832
52,Waste water,4827.7242,749.4316,100.4628,111.5731,38.0578,0.8971,0.02259,0.04833,0.00885,2.1394,0.3918
53,Landfill of Waste,8371.3053,1989.3462,262.8932,402.0724,155.1859,22.7927,0.04583,0.07236,0.07978,1.5789,1.7408
54,Other Services,306568.4268,3732.278,489.6298,1446.9049,187.1188,38.8514,0.0047,0.04774,0.07352,10.1574,15.6426
