"region","sector_j","sector_name","fd_dom_hh","fd_dom_gov","fd_dom_id","fd_dom_idg","fd_xbr_hh","fd_xbr_gov","fd_xbr_id","fd_xbr_idg","d_new","d_old"
"Z1",1,"Agriculture",5.1700428876035,0.0956632945244568,0,0.114568249567962,0,0,0,0,5.38027443169591,5.38027443169591
"Z1",2,"Animal Farming",1.43110368761983,0.0412810814677949,0,0.214845191813253,0,0,0,0,1.68722996090088,1.68722996090088
"Z1",3,"Forestry, Logging",0.291169942222186,0.0358871997759223,0,0.0965930681163875,0,0,0,0,0.423650210114495,0.423650210114495
"Z1",4,"Fishing",0.534671624388966,0.00122031759263889,0,0.00258093253479691,0,0,0,0,0.538472874516402,0.538472874516402
"Z1",5,"Fossil-Fuel Extraction",0.328434940219355,0.0839700163065638,0,0.55004516141845,0,0,0,0,0.962450117944369,0.962450117944369
"Z1",6,"Mining",0.133679741048838,0.0307993087814966,0,0.0941758465352145,0,0,0,0,0.258654896365549,0.258654896365549
"Z1",7,"Meat",10.3333639939533,0.093909792030607,0,0.062179908747722,0,0,0,0,10.4894536947317,10.4894536947317
"Z1",8,"Other Food",13.8472306246052,0.0852888474514999,0,0.0848930762985895,0,0,0,0,14.0174125483553,14.0174125483553
"Z1",9,"Tobacco",0.576705404303632,0.00323172055440326,0,0.0194661084934241,0,0,0,0,0.599403233351459,0.599403233351459
"Z1",10,"Textiles",8.40667278963004,0.0846708020217048,0,0.111926801930656,0,0,0,0,8.6032703935824,8.6032703935824
"Z1",11,"Wood",0.49401354730805,0.00902950714021094,0,0.188426889249476,0,0,0,0,0.691469943697737,0.691469943697737
"Z1",12,"Wood Re-processing",0.163217450943957,0.00317756596762656,0,0.065709475028483,0,0,0,0,0.232104491940066,0.232104491940066
"Z1",13,"Pulp",0.0131538480239637,0.0103094151073007,0,0.018034001950662,0,0,0,0,0.0414972650819265,0.0414972650819265
"Z1",14,"Pulp Re-processing",0.0235838356624176,0.0137270695692187,0,0.0315759543712228,0,0,0,0,0.068886859602859,0.068886859602859
"Z1",15,"Paper",4.13330829547261,0.158257528394683,0,0.213617941050375,0,0,0,0,4.50518376491767,4.50518376491767
"Z1",16,"Fossil-Fuel Processing",6.3158006179958,0.14874454753427,0,0.246801198629746,0,0,0,0,6.71134636415981,6.71134636415981
"Z1",17,"Plastics",0.49746003781906,12.3186753178094,0,0.16199782069944,0,0,0,0,12.9781331763279,12.9781331763279
"Z1",18,"Plastics Re-processing",0.118036984756916,2.74270186765723,0,0.0514169691925635,0,0,0,0,2.91215582160671,2.91215582160671
"Z1",19,"Chemicals",0.67572483827181,1.01079051216574,0,0.0251656119743577,0,0,0,0,1.7116809624119,1.7116809624119
"Z1",20,"Rubber, Plastic Products",1.57726288024488,0.0786088953146134,0,0.156485692456104,0,0,0,0,1.8123574680156,1.8123574680156
"Z1",21,"Glass",0.00951672892322618,0.00559995064496273,0,0.0127928497628189,0,0,0,0,0.0279095293310079,0.0279095293310079
"Z1",22,"Glass Re-processing",0.00301908875456694,0.00267087758510837,0,0.00412710007762393,0,0,0,0,0.00981706641729924,0.00981706641729924
"Z1",23,"Other Non-metallic Mineral Products",0.927561428930498,0.0247591195254612,0,0.0531265536396265,0,0,0,0,1.00544710209559,1.00544710209559
"Z1",24,"Cement",0.0475942503254091,0.0281580237644546,0,0.0512764224566955,0,0,0,0,0.127028696546559,0.127028696546559
"Z1",25,"Clinker Re-processing",0.00990866394754125,0.0104290443192951,0,0.0113961413497227,0,0,0,0,0.031733849616559,0.031733849616559
"Z1",26,"Metals",0.16913349675988,0.0653362472720664,0,0.191317515200678,0,0,0,0,0.425787259232625,0.425787259232625
"Z1",27,"Metals Re-processing",0.0692946386111573,0.0254936437399454,0,0.0535512584326945,0,0,0,0,0.148339540783797,0.148339540783797
"Z1",28,"Durable Goods",13.4281122543241,1.15435155378908,0,13.4818082362488,0,0,0,0,28.0642720443619,28.0642720443619
"Z1",29,"Furniture",3.32266029268714,0.144725071295196,0,0.899754711943215,0,0,0,0,4.36714007592555,4.36714007592555
"Z1",30,"Recycling",0.0852300469080801,0.00748117983910015,0,0.061152616408973,0,0,0,0,0.153863843156153,0.153863843156153
"Z1",31,"Fossil-Fuel Electricity",2.90000152108181,0.0408419261860517,0,0.139897966301419,0,0,0,0,3.08074141356928,3.08074141356928
"Z1",32,"Renewable Electricity",0.538985232556603,0.00873417924327674,0,0.022858701116678,0,0,0,0,0.570578112916558,0.570578112916558
"Z1",33,"Energy Transmission, Distribution",3.78917561279382,0.0805290588237797,0,0.190034203303725,0,0,0,0,4.05973887492133,4.05973887492133
"Z1",34,"Gas",0.746636059180258,0.0457235554574772,0,0.090328214516768,0,0,0,0,0.882687829154504,0.882687829154504
"Z1",35,"Water",1.82347638990605,0.118906613516147,0,0.107820925140982,0,0,0,0,2.05020392856318,2.05020392856318
"Z1",36,"Construction",1.71412729461898,0.245764738761046,0,23.1159504695234,0,0,0,0,25.0758425029034,25.0758425029034
"Z1",37,"Construction Re-processing",0.0014647817522656,0.000378457505182975,0,0.0278883003289671,0,0,0,0,0.0297315395864156,0.0297315395864156
"Z1",38,"Vehicle Sale, Maintenance,  Repair",7.93315942438593,0.159951570781049,0,0.157472843025214,0,0,0,0,8.2505838381922,8.2505838381922
"Z1",39,"Vehicle Fuel Sale",0.494146918351361,0.0121028609396993,0,0.0609569540065975,0,0,0,0,0.567206733297658,0.567206733297658
"Z1",40,"Retail, Wholesale Trade",8.34456202476662,2.00204209782465,0,1.26523450054124,0,0,0,0,11.6118386231325,11.6118386231325
"Z1",41,"Leisure",33.4760265658327,5.90413736587937,0,0.348180357773797,0,0,0,0,39.7283442894859,39.7283442894859
"Z1",42,"Transport",20.1838117128193,8.00505294578993,0,0.293225632892864,0,0,0,0,28.4820902915021,28.4820902915021
"Z1",43,"Professional Services",27.7744712073397,2.08869447392382,0,5.5466626700367,0,0,0,0,35.4098283513003,35.4098283513003
"Z1",44,"Real Estate",46.3964327584555,2.50602443393748,0,0.95152315220768,0,0,0,0,49.8539803446006,49.8539803446006
"Z1",45,"Machine, Equipment Renting",0.909927791985028,0.0886327025055329,0,0.099856972843021,0,0,0,0,1.09841746733358,1.09841746733358
"Z1",46,"R&D",0.820751556800508,3.36497219198023,0,0.0287768717817631,0,0,0,0,4.2145006205625,4.2145006205625
"Z1",47,"Public Administration, Defence",1.95708705598294,81.7462133281289,0,0.151409788740783,0,0,0,0,83.8547101728526,83.8547101728526
"Z1",48,"Education",5.42721659645702,46.2239375139144,0,0.0132558733806594,0,0,0,0,51.6644099837521,51.6644099837521
"Z1",49,"Health, Social Work",15.3721277443555,67.8465949671677,0,0.0294061309945856,0,0,0,0,83.2481288425178,83.2481288425178
"Z1",50,"Waste Incineration",1.13076510444664,0.168127817716703,0,0.00618703651874015,0,0,0,0,1.30507995868208,1.30507995868208
"Z1",51,"Biogas, Composting",0.387824749919794,0.136998855056622,0,0.00363735978449901,0,0,0,0,0.528460964760915,0.528460964760915
"Z1",52,"Waste Water",0.212203953922246,0.0789267712133433,0,0.00206209732557896,0,0,0,0,0.293192822461168,0.293192822461168
"Z1",53,"Waste Landfill",0.376925155551783,0.214937496254068,0,0.00581208382734695,0,0,0,0,0.597674735633198,0.597674735633198
"Z1",54,"Other Services",13.2330707069527,0.392824758551455,0,0.0107515885072946,0,0,0,0,13.6366470540114,13.6366470540114
"Z2",1,"Agriculture",28.0427928012624,1.10898032881442,0,0.621039806243626,0,0,0,0,29.7728129363205,29.7728129363205
"Z2",2,"Animal Farming",8.22094017916016,0.811672833614006,0,1.87425415050913,0,0,0,0,10.9068671632833,10.9068671632833
"Z2",3,"Forestry, Logging",1.75025301441332,0.0267902097107651,0,0.155057190080494,0,0,0,0,1.93210041420457,1.93210041420457
"Z2",4,"Fishing",2.37463518096662,0.0117171608739225,0,0.0620315482821077,0,0,0,0,2.44838389012265,2.44838389012265
"Z2",5,"Fossil-Fuel Extraction",3.3210951053239,0.217739925454883,0,4.60918206417588,0,0,0,0,8.14801709495467,8.14801709495467
"Z2",6,"Mining",0.767979418922366,0.141388408469691,0,0.970680786589563,0,0,0,0,1.88004861398162,1.88004861398162
"Z2",7,"Meat",32.3989100457941,0.42082805592622,0,0.436805405303557,0,0,0,0,33.2565435070238,33.2565435070238
"Z2",8,"Other Food",51.642326423436,1.3586394001716,0,0.63855289589931,0,0,0,0,53.6395187195069,53.6395187195069
"Z2",9,"Tobacco",5.67168024647663,0.00256803814165104,0,0.0276976842362396,0,0,0,0,5.70194596885452,5.70194596885452
"Z2",10,"Textiles",28.2505338032385,0.250174491925703,0,0.775212171726963,0,0,0,0,29.2759204668912,29.2759204668912
"Z2",11,"Wood",0.746424309409456,0.0104123873526506,0,0.404783732256131,0,0,0,0,1.16162042901824,1.16162042901824
"Z2",12,"Wood Re-processing",0.050806141832347,6.81987466365026e-05,0,0.015054575506954,0,0,0,0,0.0659289160859375,0.0659289160859375
"Z2",13,"Pulp",0.0381341474736358,0.0168695614644308,0,0.050504919833241,0,0,0,0,0.105508628771308,0.105508628771308
"Z2",14,"Pulp Re-processing",0.0110712178204186,0.000587517866191346,0,0.00392305520010887,0,0,0,0,0.0155817908867188,0.0155817908867188
"Z2",15,"Paper",11.4961398785024,0.467397191778742,0,0.376451851420824,0,0,0,0,12.339988921702,12.339988921702
"Z2",16,"Fossil-Fuel Processing",20.0207968824288,0.323405536861638,0,0.718268324949157,0,0,0,0,21.0624707442396,21.0624707442396
"Z2",17,"Plastics",0.199417131697419,0.394526563548951,0,0.136823101057496,0,0,0,0,0.730766796303866,0.730766796303866
"Z2",18,"Plastics Re-processing",0.0226647602635403,0.016878333333026,0,0.0092924888267456,0,0,0,0,0.048835582423312,0.048835582423312
"Z2",19,"Chemicals",14.8401332451439,0.973999013195108,0,0.527712066202745,0,0,0,0,16.3418443245417,16.3418443245417
"Z2",20,"Rubber, Plastic Products",3.9449780720797,0.0662119920764393,0,0.483522523354052,0,0,0,0,4.49471258751019,4.49471258751019
"Z2",21,"Glass",0.465299557372761,0.00700975413162349,0,0.0823528002291345,0,0,0,0,0.554662111733519,0.554662111733519
"Z2",22,"Glass Re-processing",0.00822616070027641,3.32222180014123e-05,0,0.0010092621142328,0,0,0,0,0.00926864503251063,0.00926864503251063
"Z2",23,"Other Non-metallic Mineral Products",1.44221332852796,0.0162967238224696,0,0.144743410889872,0,0,0,0,1.6032534632403,1.6032534632403
"Z2",24,"Cement",0.078119920723252,0.0103877307417334,0,0.0495147805101938,0,0,0,0,0.138022431975179,0.138022431975179
"Z2",25,"Clinker Re-processing",0.0025854155868657,0.000117173066874073,0,0.00130595670481717,0,0,0,0,0.00400854535855694,0.00400854535855694
"Z2",26,"Metals",0.499969799654935,0.0531331043698064,0,1.31018269853763,0,0,0,0,1.86328560256238,1.86328560256238
"Z2",27,"Metals Re-processing",0.028533014364746,0.000378394399277201,0,0.0381318646976898,0,0,0,0,0.067043273461713,0.067043273461713
"Z2",28,"Durable Goods",48.3291368981568,1.0684858801063,0,75.5762569719907,0,0,0,0,124.973879750254,124.973879750254
"Z2",29,"Furniture",11.7258266283181,0.0703234237527574,0,3.37809269825835,0,0,0,0,15.1742427503292,15.1742427503292
"Z2",30,"Recycling",0.0631845996154943,0.00838256686914904,0,0.0573668911093373,0,0,0,0,0.128934057593981,0.128934057593981
"Z2",31,"Fossil-Fuel Electricity",8.45781907298753,0.67919097463693,0,0.0918736519551907,0,0,0,0,9.22888369957965,9.22888369957965
"Z2",32,"Renewable Electricity",1.39746734797291,0.138527440038991,0,0.0223719695122349,0,0,0,0,1.55836675752413,1.55836675752413
"Z2",33,"Energy Transmission, Distribution",7.08513544172114,0.672232245284054,0,0.195320645292853,0,0,0,0,7.95268833229805,7.95268833229805
"Z2",34,"Gas",4.23937240578754,0.0231697478880325,0,0.0428609921451487,0,0,0,0,4.30540314582072,4.30540314582072
"Z2",35,"Water",3.51237062847733,0.385187291465134,0,0.0659316228767638,0,0,0,0,3.96348954281922,3.96348954281922
"Z2",36,"Construction",2.16151193040622,0.364025365745663,0,103.171012703327,0,0,0,0,105.696549999479,105.696549999479
"Z2",37,"Construction Re-processing",0.000261874696180049,4.93628556339356e-06,0,0.00614340742213176,0,0,0,0,0.00641021840387521,0.00641021840387521
"Z2",38,"Vehicle Sale, Maintenance,  Repair",21.4607335777034,0.38405806089306,0,0.940070189787288,0,0,0,0,22.7848618283837,22.7848618283837
"Z2",39,"Vehicle Fuel Sale",0.361456246773126,0.0229926490404449,0,0.035583677546518,0,0,0,0,0.420032573360088,0.420032573360088
"Z2",40,"Retail, Wholesale Trade",31.6725272429594,3.74203819557656,0,5.12737291395925,0,0,0,0,40.5419383524952,40.5419383524952
"Z2",41,"Leisure",108.496355358326,5.78667168152843,0,0.551399561621774,0,0,0,0,114.834426601477,114.834426601477
"Z2",42,"Transport",50.569101568804,7.54591980769754,0,1.51625925415527,0,0,0,0,59.6312806306568,59.6312806306568
"Z2",43,"Professional Services",102.52682876115,8.46396761291764,0,18.1678592332743,0,0,0,0,129.158655607342,129.158655607342
"Z2",44,"Real Estate",129.039262694059,0.521345014508434,0,5.2124565118099,0,0,0,0,134.773064220377,134.773064220377
"Z2",45,"Machine, Equipment Renting",8.52875592008483,0.0901144502334529,0,0.0236423730313758,0,0,0,0,8.64251274334966,8.64251274334966
"Z2",46,"R&D",2.37656660898373,14.850713793146,0,0.501881353730286,0,0,0,0,17.72916175586,17.72916175586
"Z2",47,"Public Administration, Defence",51.0377828515985,383.544003508197,0,0.238063149359222,0,0,0,0,434.819849509155,434.819849509155
"Z2",48,"Education",29.0329623740704,95.7038829533316,0,0.0826690458434503,0,0,0,0,124.819514373245,124.819514373245
"Z2",49,"Health, Social Work",84.0274810648107,134.640015758452,0,0.265835448741862,0,0,0,0,218.933332272005,218.933332272005
"Z2",50,"Waste Incineration",0.751056121683827,0.511586855252163,0,0.00225629431528865,0,0,0,0,1.26489927125128,1.26489927125128
"Z2",51,"Biogas, Composting",0.374949506692645,0.406750963977712,0,0.00418546857168785,0,0,0,0,0.785885939242045,0.785885939242045
"Z2",52,"Waste Water",2.89542997603431,5.14458010661194,0,0.00718583279944848,0,0,0,0,8.04719591544569,8.04719591544569
"Z2",53,"Waste Landfill",3.68434147062617,1.57014115105317,0,0.0180133176414995,0,0,0,0,5.27249593932084,5.27249593932084
"Z2",54,"Other Services",42.2865488749638,1.95347631343345,0,0.173943704583993,0,0,0,0,44.4139688929812,44.4139688929812
